,Income,Income,Total_Spending,Total_Spending,Customer_Age,Customer_Age,NumWebPurchases,NumStorePurchases
,mean,median,mean,median,mean,median,mean,mean
cluster_label,,,,,,,,
0,49341.54599406528,50183.0,511.78635014836794,446.0,59.359050445103854,59.0,6.308605341246291,6.0385756676557865
1,78937.30626450117,77583.0,1468.6751740139212,1453.0,56.127610208816705,55.0,5.090487238979119,8.294663573085847
2,66548.62931034483,65727.0,975.2112068965517,961.5,59.32974137931034,59.0,6.008620689655173,8.900862068965518
3,34808.19613821138,34221.5,88.72967479674797,62.0,53.6280487804878,52.0,1.9766260162601625,3.165650406504065
